{
 "name": "nutibright",
 "layers": [
        "landuse_labels",
        "transit",
        "boundaries",
        "pois",
        "places",
        "roads",
        "buildings",
        "water",
        "landuse",
        "earth"
 ],
 "styles": [
   "style.mss",
   "road.mss",
   "labels.mss"
 ],
 "nutiparameters": {
        "name": {
			"default": "name"
         },
         "markers3d": {
             "default": "nutibillboard",
             "values": {
                 "0": "point",
                 "1": "nutibillboard"
             }
         },
         "texts3d": {
             "default": "nutibillboard",
             "values": {
                 "0": "point",
                 "1": "nutibillboard"
             }
         },
         "shields3d": {
             "default": "nutibillboard",
             "values": {
                 "0": "point",
                 "1": "nutibillboard"
             }
         },
         "buildings3d": {
             "default": true,
             "values": {
                 "0": false,
                 "1": true
             }
         },
         "_fontscale": {
             "default": 1.5
         }
     }
}
